year,time_aggregation_value,census_tract,totalrequests
2016.0,1.0,000100,270.0
2016.0,1.0,000201,8.0
2016.0,1.0,000202,231.0
2016.0,1.0,000300,166.0
2016.0,1.0,000400,83.0
2016.0,1.0,000501,108.0
2016.0,1.0,000502,108.0
2016.0,1.0,000600,230.0
2016.0,1.0,000701,119.0
2016.0,1.0,000702,33.0
2016.0,1.0,000801,132.0
2016.0,1.0,000802,99.0
2016.0,1.0,000901,232.0
2016.0,1.0,000902,128.0
2016.0,1.0,001001,390.0
2016.0,1.0,001002,54.0
2016.0,1.0,001100,442.0
2016.0,1.0,001200,224.0
2016.0,1.0,001301,188.0
2016.0,1.0,001302,145.0
2016.0,1.0,001401,155.0
2016.0,1.0,001402,163.0
2016.0,1.0,001500,312.0
2016.0,1.0,001600,379.0
2016.0,1.0,001702,271.0
2016.0,1.0,001803,101.0
2016.0,1.0,001804,245.0
2016.0,1.0,001901,504.0
2016.0,1.0,001902,261.0
2016.0,1.0,002001,150.0
2016.0,1.0,002002,284.0
2016.0,1.0,002101,348.0
2016.0,1.0,002102,422.0
2016.0,1.0,002201,279.0
2016.0,1.0,002202,206.0
2016.0,1.0,002301,285.0
2016.0,1.0,002302,17.0
2016.0,1.0,002400,234.0
2016.0,1.0,002501,167.0
2016.0,1.0,002502,241.0
2016.0,1.0,002600,196.0
2016.0,1.0,002701,193.0
2016.0,1.0,002702,192.0
2016.0,1.0,002801,130.0
2016.0,1.0,002802,161.0
2016.0,1.0,002900,259.0
2016.0,1.0,003000,79.0
2016.0,1.0,003100,201.0
2016.0,1.0,003200,324.0
2016.0,1.0,003301,260.0
2016.0,1.0,003302,176.0
2016.0,1.0,003400,215.0
2016.0,1.0,003500,142.0
2016.0,1.0,003600,138.0
2016.0,1.0,003700,159.0
2016.0,1.0,003800,102.0
2016.0,1.0,003900,139.0
2016.0,1.0,004001,106.0
2016.0,1.0,004002,126.0
2016.0,1.0,004100,129.0
2016.0,1.0,004201,153.0
2016.0,1.0,004202,152.0
2016.0,1.0,004300,178.0
2016.0,1.0,004400,326.0
2016.0,1.0,004600,286.0
2016.0,1.0,004701,87.0
2016.0,1.0,004702,63.0
2016.0,1.0,004801,184.0
2016.0,1.0,004802,134.0
2016.0,1.0,004901,133.0
2016.0,1.0,004902,100.0
2016.0,1.0,005001,103.0
2016.0,1.0,005002,102.0
2016.0,1.0,005201,199.0
2016.0,1.0,005301,133.0
2016.0,1.0,005500,263.0
2016.0,1.0,005600,102.0
2016.0,1.0,005800,374.0
2016.0,1.0,005900,139.0
2016.0,1.0,006202,151.0
2016.0,1.0,006400,66.0
2016.0,1.0,006500,144.0
2016.0,1.0,006600,126.0
2016.0,1.0,006700,158.0
2016.0,1.0,006801,137.0
2016.0,1.0,006802,165.0
2016.0,1.0,006804,21.0
2016.0,1.0,006900,112.0
2016.0,1.0,007000,133.0
2016.0,1.0,007100,133.0
2016.0,1.0,007200,116.0
2016.0,1.0,007301,14.0
2016.0,1.0,007304,146.0
2016.0,1.0,007401,69.0
2016.0,1.0,007403,64.0
2016.0,1.0,007404,144.0
2016.0,1.0,007406,53.0
2016.0,1.0,007407,246.0
2016.0,1.0,007408,50.0
2016.0,1.0,007409,119.0
2016.0,1.0,007502,147.0
2016.0,1.0,007503,168.0
2016.0,1.0,007504,165.0
2016.0,1.0,007601,464.0
2016.0,1.0,007603,256.0
2016.0,1.0,007604,308.0
2016.0,1.0,007605,257.0
2016.0,1.0,007703,258.0
2016.0,1.0,007707,528.0
2016.0,1.0,007708,119.0
2016.0,1.0,007709,178.0
2016.0,1.0,007803,335.0
2016.0,1.0,007804,195.0
2016.0,1.0,007806,141.0
2016.0,1.0,007807,178.0
2016.0,1.0,007808,369.0
2016.0,1.0,007809,260.0
2016.0,1.0,007901,207.0
2016.0,1.0,007903,206.0
2016.0,1.0,008001,206.0
2016.0,1.0,008002,242.0
2016.0,1.0,008100,114.0
2016.0,1.0,008200,101.0
2016.0,1.0,008301,490.0
2016.0,1.0,008302,152.0
2016.0,1.0,008402,117.0
2016.0,1.0,008410,199.0
2016.0,1.0,008701,257.0
2016.0,1.0,008702,158.0
2016.0,1.0,008802,320.0
2016.0,1.0,008803,75.0
2016.0,1.0,008804,176.0
2016.0,1.0,008903,180.0
2016.0,1.0,008904,94.0
2016.0,1.0,009000,52.0
2016.0,1.0,009102,207.0
2016.0,1.0,009201,107.0
2016.0,1.0,009203,241.0
2016.0,1.0,009204,60.0
2016.0,1.0,009301,303.0
2016.0,1.0,009302,117.0
2016.0,1.0,009400,608.0
2016.0,1.0,009501,172.0
2016.0,1.0,009503,448.0
2016.0,1.0,009504,313.0
2016.0,1.0,009505,442.0
2016.0,1.0,009507,212.0
2016.0,1.0,009508,259.0
2016.0,1.0,009509,396.0
2016.0,1.0,009601,162.0
2016.0,1.0,009602,44.0
2016.0,1.0,009603,188.0
2016.0,1.0,009604,315.0
2016.0,1.0,009700,164.0
2016.0,1.0,009801,54.0
2016.0,1.0,009802,59.0
2016.0,1.0,009803,104.0
2016.0,1.0,009804,129.0
2016.0,1.0,009807,222.0
2016.0,1.0,009810,39.0
2016.0,1.0,009811,145.0
2016.0,1.0,009901,425.0
2016.0,1.0,009902,353.0
2016.0,1.0,009903,214.0
2016.0,1.0,009904,125.0
2016.0,1.0,009905,203.0
2016.0,1.0,009906,102.0
2016.0,1.0,009907,145.0
2016.0,1.0,010100,222.0
2016.0,1.0,010200,245.0
2016.0,1.0,010300,203.0
2016.0,1.0,010400,274.0
2016.0,1.0,010500,106.0
2016.0,1.0,010600,366.0
2016.0,1.0,010700,403.0
2016.0,1.0,010800,242.0
2016.0,1.0,010900,41.0
2016.0,1.0,011000,25.0
2016.0,1.0,011100,465.0
2016.0,2.0,000100,272.0
2016.0,2.0,000201,19.0
2016.0,2.0,000202,289.0
2016.0,2.0,000300,129.0
2016.0,2.0,000400,67.0
2016.0,2.0,000501,57.0
2016.0,2.0,000502,59.0
2016.0,2.0,000600,127.0
2016.0,2.0,000701,61.0
2016.0,2.0,000702,29.0
2016.0,2.0,000801,111.0
2016.0,2.0,000802,133.0
2016.0,2.0,000901,148.0
2016.0,2.0,000902,70.0
2016.0,2.0,001001,306.0
2016.0,2.0,001002,47.0
2016.0,2.0,001100,286.0
2016.0,2.0,001200,119.0
2016.0,2.0,001301,111.0
2016.0,2.0,001302,96.0
2016.0,2.0,001401,105.0
2016.0,2.0,001402,100.0
2016.0,2.0,001500,138.0
2016.0,2.0,001600,221.0
2016.0,2.0,001702,195.0
2016.0,2.0,001803,109.0
2016.0,2.0,001804,97.0
2016.0,2.0,001901,171.0
2016.0,2.0,001902,100.0
2016.0,2.0,002001,70.0
2016.0,2.0,002002,194.0
2016.0,2.0,002101,159.0
2016.0,2.0,002102,187.0
2016.0,2.0,002201,138.0
2016.0,2.0,002202,160.0
2016.0,2.0,002301,159.0
2016.0,2.0,002302,32.0
2016.0,2.0,002400,197.0
2016.0,2.0,002501,110.0
2016.0,2.0,002502,197.0
2016.0,2.0,002600,92.0
2016.0,2.0,002701,78.0
2016.0,2.0,002702,138.0
2016.0,2.0,002801,70.0
2016.0,2.0,002802,153.0
2016.0,2.0,002900,137.0
2016.0,2.0,003000,69.0
2016.0,2.0,003100,117.0
2016.0,2.0,003200,217.0
2016.0,2.0,003301,127.0
2016.0,2.0,003302,82.0
2016.0,2.0,003400,192.0
2016.0,2.0,003500,81.0
2016.0,2.0,003600,121.0
2016.0,2.0,003700,74.0
2016.0,2.0,003800,104.0
2016.0,2.0,003900,100.0
2016.0,2.0,004001,90.0
2016.0,2.0,004002,67.0
2016.0,2.0,004100,92.0
2016.0,2.0,004201,109.0
2016.0,2.0,004202,127.0
2016.0,2.0,004300,125.0
2016.0,2.0,004400,278.0
2016.0,2.0,004600,218.0
2016.0,2.0,004701,80.0
2016.0,2.0,004702,71.0
2016.0,2.0,004801,142.0
2016.0,2.0,004802,103.0
2016.0,2.0,004901,148.0
2016.0,2.0,004902,88.0
2016.0,2.0,005001,96.0
2016.0,2.0,005002,109.0
2016.0,2.0,005201,182.0
2016.0,2.0,005301,160.0
2016.0,2.0,005500,266.0
2016.0,2.0,005600,112.0
2016.0,2.0,005800,398.0
2016.0,2.0,005900,174.0
2016.0,2.0,006202,215.0
2016.0,2.0,006400,53.0
2016.0,2.0,006500,123.0
2016.0,2.0,006600,104.0
2016.0,2.0,006700,98.0
2016.0,2.0,006801,67.0
2016.0,2.0,006802,75.0
2016.0,2.0,006804,21.0
2016.0,2.0,006900,125.0
2016.0,2.0,007000,97.0
2016.0,2.0,007100,91.0
2016.0,2.0,007200,127.0
2016.0,2.0,007301,15.0
2016.0,2.0,007304,44.0
2016.0,2.0,007401,47.0
2016.0,2.0,007403,30.0
2016.0,2.0,007404,62.0
2016.0,2.0,007406,16.0
2016.0,2.0,007407,108.0
2016.0,2.0,007408,28.0
2016.0,2.0,007409,58.0
2016.0,2.0,007502,64.0
2016.0,2.0,007503,79.0
2016.0,2.0,007504,58.0
2016.0,2.0,007601,185.0
2016.0,2.0,007603,116.0
2016.0,2.0,007604,143.0
2016.0,2.0,007605,53.0
2016.0,2.0,007703,87.0
2016.0,2.0,007707,130.0
2016.0,2.0,007708,62.0
2016.0,2.0,007709,58.0
2016.0,2.0,007803,141.0
2016.0,2.0,007804,89.0
2016.0,2.0,007806,57.0
2016.0,2.0,007807,79.0
2016.0,2.0,007808,140.0
2016.0,2.0,007809,105.0
2016.0,2.0,007901,143.0
2016.0,2.0,007903,89.0
2016.0,2.0,008001,118.0
2016.0,2.0,008002,134.0
2016.0,2.0,008100,80.0
2016.0,2.0,008200,132.0
2016.0,2.0,008301,645.0
2016.0,2.0,008302,275.0
2016.0,2.0,008402,91.0
2016.0,2.0,008410,175.0
2016.0,2.0,008701,113.0
2016.0,2.0,008702,88.0
2016.0,2.0,008802,170.0
2016.0,2.0,008803,40.0
2016.0,2.0,008804,104.0
2016.0,2.0,008903,98.0
2016.0,2.0,008904,55.0
2016.0,2.0,009000,50.0
2016.0,2.0,009102,123.0
2016.0,2.0,009201,43.0
2016.0,2.0,009203,95.0
2016.0,2.0,009204,25.0
2016.0,2.0,009301,136.0
2016.0,2.0,009302,73.0
2016.0,2.0,009400,176.0
2016.0,2.0,009501,100.0
2016.0,2.0,009503,130.0
2016.0,2.0,009504,120.0
2016.0,2.0,009505,154.0
2016.0,2.0,009507,71.0
2016.0,2.0,009508,72.0
2016.0,2.0,009509,120.0
2016.0,2.0,009601,87.0
2016.0,2.0,009602,84.0
2016.0,2.0,009603,99.0
2016.0,2.0,009604,87.0
2016.0,2.0,009700,72.0
2016.0,2.0,009801,24.0
2016.0,2.0,009802,26.0
2016.0,2.0,009803,59.0
2016.0,2.0,009804,46.0
2016.0,2.0,009807,99.0
2016.0,2.0,009810,44.0
2016.0,2.0,009811,53.0
2016.0,2.0,009901,96.0
2016.0,2.0,009902,126.0
2016.0,2.0,009903,84.0
2016.0,2.0,009904,121.0
2016.0,2.0,009905,85.0
2016.0,2.0,009906,46.0
2016.0,2.0,009907,42.0
2016.0,2.0,010100,311.0
2016.0,2.0,010200,236.0
2016.0,2.0,010300,122.0
2016.0,2.0,010400,172.0
2016.0,2.0,010500,134.0
2016.0,2.0,010600,381.0
2016.0,2.0,010700,477.0
2016.0,2.0,010800,308.0
2016.0,2.0,010900,32.0
2016.0,2.0,011000,25.0
2016.0,2.0,011100,258.0
2016.0,3.0,000100,310.0
2016.0,3.0,000201,17.0
2016.0,3.0,000202,221.0
2016.0,3.0,000300,174.0
2016.0,3.0,000400,64.0
2016.0,3.0,000501,58.0
2016.0,3.0,000502,82.0
2016.0,3.0,000600,140.0
2016.0,3.0,000701,70.0
2016.0,3.0,000702,29.0
2016.0,3.0,000801,140.0
2016.0,3.0,000802,103.0
2016.0,3.0,000901,118.0
2016.0,3.0,000902,76.0
2016.0,3.0,001001,336.0
2016.0,3.0,001002,80.0
2016.0,3.0,001100,267.0
2016.0,3.0,001200,116.0
2016.0,3.0,001301,59.0
2016.0,3.0,001302,95.0
2016.0,3.0,001401,136.0
2016.0,3.0,001402,95.0
2016.0,3.0,001500,161.0
2016.0,3.0,001600,247.0
2016.0,3.0,001702,218.0
2016.0,3.0,001803,75.0
2016.0,3.0,001804,114.0
2016.0,3.0,001901,185.0
2016.0,3.0,001902,91.0
2016.0,3.0,002001,77.0
2016.0,3.0,002002,164.0
2016.0,3.0,002101,168.0
2016.0,3.0,002102,197.0
2016.0,3.0,002201,163.0
2016.0,3.0,002202,110.0
2016.0,3.0,002301,142.0
2016.0,3.0,002302,22.0
2016.0,3.0,002400,194.0
2016.0,3.0,002501,132.0
2016.0,3.0,002502,220.0
2016.0,3.0,002600,96.0
2016.0,3.0,002701,115.0
2016.0,3.0,002702,179.0
2016.0,3.0,002801,72.0
2016.0,3.0,002802,179.0
2016.0,3.0,002900,189.0
2016.0,3.0,003000,99.0
2016.0,3.0,003100,138.0
2016.0,3.0,003200,228.0
2016.0,3.0,003301,147.0
2016.0,3.0,003302,119.0
2016.0,3.0,003400,190.0
2016.0,3.0,003500,134.0
2016.0,3.0,003600,109.0
2016.0,3.0,003700,108.0
2016.0,3.0,003800,127.0
2016.0,3.0,003900,114.0
2016.0,3.0,004001,85.0
2016.0,3.0,004002,92.0
2016.0,3.0,004100,74.0
2016.0,3.0,004201,95.0
2016.0,3.0,004202,110.0
2016.0,3.0,004300,183.0
2016.0,3.0,004400,349.0
2016.0,3.0,004600,234.0
2016.0,3.0,004701,65.0
2016.0,3.0,004702,67.0
2016.0,3.0,004801,178.0
2016.0,3.0,004802,84.0
2016.0,3.0,004901,147.0
2016.0,3.0,004902,120.0
2016.0,3.0,005001,87.0
2016.0,3.0,005002,109.0
2016.0,3.0,005201,173.0
2016.0,3.0,005301,113.0
2016.0,3.0,005500,324.0
2016.0,3.0,005600,166.0
2016.0,3.0,005800,486.0
2016.0,3.0,005900,145.0
2016.0,3.0,006202,221.0
2016.0,3.0,006400,51.0
2016.0,3.0,006500,136.0
2016.0,3.0,006600,98.0
2016.0,3.0,006700,163.0
2016.0,3.0,006801,73.0
2016.0,3.0,006802,103.0
2016.0,3.0,006804,8.0
2016.0,3.0,006900,114.0
2016.0,3.0,007000,148.0
2016.0,3.0,007100,98.0
2016.0,3.0,007200,136.0
2016.0,3.0,007301,8.0
2016.0,3.0,007304,75.0
2016.0,3.0,007401,63.0
2016.0,3.0,007403,22.0
2016.0,3.0,007404,82.0
2016.0,3.0,007406,22.0
2016.0,3.0,007407,114.0
2016.0,3.0,007408,37.0
2016.0,3.0,007409,46.0
2016.0,3.0,007502,68.0
2016.0,3.0,007503,116.0
2016.0,3.0,007504,90.0
2016.0,3.0,007601,223.0
2016.0,3.0,007603,156.0
2016.0,3.0,007604,170.0
2016.0,3.0,007605,59.0
2016.0,3.0,007703,104.0
2016.0,3.0,007707,153.0
2016.0,3.0,007708,68.0
2016.0,3.0,007709,62.0
2016.0,3.0,007803,148.0
2016.0,3.0,007804,98.0
2016.0,3.0,007806,79.0
2016.0,3.0,007807,77.0
2016.0,3.0,007808,158.0
2016.0,3.0,007809,140.0
2016.0,3.0,007901,188.0
2016.0,3.0,007903,131.0
2016.0,3.0,008001,186.0
2016.0,3.0,008002,173.0
2016.0,3.0,008100,108.0
2016.0,3.0,008200,137.0
2016.0,3.0,008301,487.0
2016.0,3.0,008302,467.0
2016.0,3.0,008402,119.0
2016.0,3.0,008410,201.0
2016.0,3.0,008701,125.0
2016.0,3.0,008702,88.0
2016.0,3.0,008802,229.0
2016.0,3.0,008803,73.0
2016.0,3.0,008804,92.0
2016.0,3.0,008903,127.0
2016.0,3.0,008904,81.0
2016.0,3.0,009000,64.0
2016.0,3.0,009102,177.0
2016.0,3.0,009201,53.0
2016.0,3.0,009203,113.0
2016.0,3.0,009204,48.0
2016.0,3.0,009301,126.0
2016.0,3.0,009302,65.0
2016.0,3.0,009400,204.0
2016.0,3.0,009501,106.0
2016.0,3.0,009503,166.0
2016.0,3.0,009504,134.0
2016.0,3.0,009505,148.0
2016.0,3.0,009507,68.0
2016.0,3.0,009508,99.0
2016.0,3.0,009509,148.0
2016.0,3.0,009601,79.0
2016.0,3.0,009602,33.0
2016.0,3.0,009603,86.0
2016.0,3.0,009604,87.0
2016.0,3.0,009700,90.0
2016.0,3.0,009801,57.0
2016.0,3.0,009802,44.0
2016.0,3.0,009803,65.0
2016.0,3.0,009804,64.0
2016.0,3.0,009807,134.0
2016.0,3.0,009810,29.0
2016.0,3.0,009811,69.0
2016.0,3.0,009901,130.0
2016.0,3.0,009902,146.0
2016.0,3.0,009903,69.0
2016.0,3.0,009904,115.0
2016.0,3.0,009905,102.0
2016.0,3.0,009906,54.0
2016.0,3.0,009907,63.0
2016.0,3.0,010100,275.0
2016.0,3.0,010200,354.0
2016.0,3.0,010300,123.0
2016.0,3.0,010400,184.0
2016.0,3.0,010500,159.0
2016.0,3.0,010600,361.0
2016.0,3.0,010700,557.0
2016.0,3.0,010800,461.0
2016.0,3.0,010900,52.0
2016.0,3.0,011000,54.0
2016.0,3.0,011100,304.0
2016.0,4.0,000100,330.0
2016.0,4.0,000201,8.0
2016.0,4.0,000202,303.0
2016.0,4.0,000300,190.0
2016.0,4.0,000400,75.0
2016.0,4.0,000501,52.0
2016.0,4.0,000502,95.0
2016.0,4.0,000600,125.0
2016.0,4.0,000701,82.0
2016.0,4.0,000702,41.0
2016.0,4.0,000801,173.0
2016.0,4.0,000802,191.0
2016.0,4.0,000901,136.0
2016.0,4.0,000902,87.0
2016.0,4.0,001001,373.0
2016.0,4.0,001002,78.0
2016.0,4.0,001100,292.0
2016.0,4.0,001200,182.0
2016.0,4.0,001301,95.0
2016.0,4.0,001302,81.0
2016.0,4.0,001401,109.0
2016.0,4.0,001402,103.0
2016.0,4.0,001500,155.0
2016.0,4.0,001600,193.0
2016.0,4.0,001702,158.0
2016.0,4.0,001803,79.0
2016.0,4.0,001804,120.0
2016.0,4.0,001901,187.0
2016.0,4.0,001902,99.0
2016.0,4.0,002001,63.0
2016.0,4.0,002002,182.0
2016.0,4.0,002101,151.0
2016.0,4.0,002102,210.0
2016.0,4.0,002201,165.0
2016.0,4.0,002202,115.0
2016.0,4.0,002301,155.0
2016.0,4.0,002302,24.0
2016.0,4.0,002400,182.0
2016.0,4.0,002501,100.0
2016.0,4.0,002502,221.0
2016.0,4.0,002600,97.0
2016.0,4.0,002701,83.0
2016.0,4.0,002702,163.0
2016.0,4.0,002801,63.0
2016.0,4.0,002802,168.0
2016.0,4.0,002900,153.0
2016.0,4.0,003000,79.0
2016.0,4.0,003100,130.0
2016.0,4.0,003200,236.0
2016.0,4.0,003301,182.0
2016.0,4.0,003302,88.0
2016.0,4.0,003400,213.0
2016.0,4.0,003500,118.0
2016.0,4.0,003600,88.0
2016.0,4.0,003700,71.0
2016.0,4.0,003800,159.0
2016.0,4.0,003900,128.0
2016.0,4.0,004001,102.0
2016.0,4.0,004002,105.0
2016.0,4.0,004100,111.0
2016.0,4.0,004201,93.0
2016.0,4.0,004202,121.0
2016.0,4.0,004300,175.0
2016.0,4.0,004400,364.0
2016.0,4.0,004600,166.0
2016.0,4.0,004701,55.0
2016.0,4.0,004702,75.0
2016.0,4.0,004801,159.0
2016.0,4.0,004802,100.0
2016.0,4.0,004901,150.0
2016.0,4.0,004902,108.0
2016.0,4.0,005001,91.0
2016.0,4.0,005002,97.0
2016.0,4.0,005201,195.0
2016.0,4.0,005301,153.0
2016.0,4.0,005500,316.0
2016.0,4.0,005600,281.0
2016.0,4.0,005800,572.0
2016.0,4.0,005900,205.0
2016.0,4.0,006202,205.0
2016.0,4.0,006400,97.0
2016.0,4.0,006500,166.0
2016.0,4.0,006600,155.0
2016.0,4.0,006700,235.0
2016.0,4.0,006801,101.0
2016.0,4.0,006802,96.0
2016.0,4.0,006804,23.0
2016.0,4.0,006900,120.0
2016.0,4.0,007000,200.0
2016.0,4.0,007100,122.0
2016.0,4.0,007200,160.0
2016.0,4.0,007301,5.0
2016.0,4.0,007304,72.0
2016.0,4.0,007401,40.0
2016.0,4.0,007403,20.0
2016.0,4.0,007404,74.0
2016.0,4.0,007406,33.0
2016.0,4.0,007407,116.0
2016.0,4.0,007408,35.0
2016.0,4.0,007409,56.0
2016.0,4.0,007502,74.0
2016.0,4.0,007503,123.0
2016.0,4.0,007504,63.0
2016.0,4.0,007601,179.0
2016.0,4.0,007603,126.0
2016.0,4.0,007604,117.0
2016.0,4.0,007605,70.0
2016.0,4.0,007703,93.0
2016.0,4.0,007707,160.0
2016.0,4.0,007708,53.0
2016.0,4.0,007709,62.0
2016.0,4.0,007803,165.0
2016.0,4.0,007804,91.0
2016.0,4.0,007806,77.0
2016.0,4.0,007807,67.0
2016.0,4.0,007808,154.0
2016.0,4.0,007809,136.0
2016.0,4.0,007901,198.0
2016.0,4.0,007903,140.0
2016.0,4.0,008001,200.0
2016.0,4.0,008002,177.0
2016.0,4.0,008100,138.0
2016.0,4.0,008200,96.0
2016.0,4.0,008301,244.0
2016.0,4.0,008302,99.0
2016.0,4.0,008402,139.0
2016.0,4.0,008410,233.0
2016.0,4.0,008701,182.0
2016.0,4.0,008702,105.0
2016.0,4.0,008802,210.0
2016.0,4.0,008803,59.0
2016.0,4.0,008804,110.0
2016.0,4.0,008903,123.0
2016.0,4.0,008904,80.0
2016.0,4.0,009000,40.0
2016.0,4.0,009102,159.0
2016.0,4.0,009201,54.0
2016.0,4.0,009203,101.0
2016.0,4.0,009204,30.0
2016.0,4.0,009301,160.0
2016.0,4.0,009302,80.0
2016.0,4.0,009400,215.0
2016.0,4.0,009501,95.0
2016.0,4.0,009503,176.0
2016.0,4.0,009504,164.0
2016.0,4.0,009505,180.0
2016.0,4.0,009507,75.0
2016.0,4.0,009508,84.0
2016.0,4.0,009509,107.0
2016.0,4.0,009601,78.0
2016.0,4.0,009602,39.0
2016.0,4.0,009603,107.0
2016.0,4.0,009604,85.0
2016.0,4.0,009700,74.0
2016.0,4.0,009801,33.0
2016.0,4.0,009802,40.0
2016.0,4.0,009803,61.0
2016.0,4.0,009804,69.0
2016.0,4.0,009807,104.0
2016.0,4.0,009810,41.0
2016.0,4.0,009811,69.0
2016.0,4.0,009901,111.0
2016.0,4.0,009902,142.0
2016.0,4.0,009903,59.0
2016.0,4.0,009904,128.0
2016.0,4.0,009905,112.0
2016.0,4.0,009906,51.0
2016.0,4.0,009907,53.0
2016.0,4.0,010100,320.0
2016.0,4.0,010200,327.0
2016.0,4.0,010300,87.0
2016.0,4.0,010400,160.0
2016.0,4.0,010500,197.0
2016.0,4.0,010600,365.0
2016.0,4.0,010700,574.0
2016.0,4.0,010800,442.0
2016.0,4.0,010900,39.0
2016.0,4.0,011000,52.0
2016.0,4.0,011100,245.0
2016.0,5.0,000100,309.0
2016.0,5.0,000201,7.0
2016.0,5.0,000202,233.0
2016.0,5.0,000300,170.0
2016.0,5.0,000400,108.0
2016.0,5.0,000501,95.0
2016.0,5.0,000502,120.0
2016.0,5.0,000600,178.0
2016.0,5.0,000701,66.0
2016.0,5.0,000702,35.0
2016.0,5.0,000801,121.0
2016.0,5.0,000802,128.0
2016.0,5.0,000901,115.0
2016.0,5.0,000902,77.0
2016.0,5.0,001001,343.0
2016.0,5.0,001002,69.0
2016.0,5.0,001100,267.0
2016.0,5.0,001200,159.0
2016.0,5.0,001301,75.0
2016.0,5.0,001302,67.0
2016.0,5.0,001401,178.0
2016.0,5.0,001402,128.0
2016.0,5.0,001500,250.0
2016.0,5.0,001600,238.0
2016.0,5.0,001702,153.0
2016.0,5.0,001803,57.0
2016.0,5.0,001804,111.0
2016.0,5.0,001901,187.0
2016.0,5.0,001902,120.0
2016.0,5.0,002001,107.0
2016.0,5.0,002002,237.0
2016.0,5.0,002101,167.0
2016.0,5.0,002102,209.0
2016.0,5.0,002201,197.0
2016.0,5.0,002202,98.0
2016.0,5.0,002301,160.0
2016.0,5.0,002302,15.0
2016.0,5.0,002400,221.0
2016.0,5.0,002501,168.0
2016.0,5.0,002502,178.0
2016.0,5.0,002600,123.0
2016.0,5.0,002701,93.0
2016.0,5.0,002702,174.0
2016.0,5.0,002801,69.0
2016.0,5.0,002802,159.0
2016.0,5.0,002900,211.0
2016.0,5.0,003000,107.0
2016.0,5.0,003100,133.0
2016.0,5.0,003200,223.0
2016.0,5.0,003301,191.0
2016.0,5.0,003302,97.0
2016.0,5.0,003400,230.0
2016.0,5.0,003500,131.0
2016.0,5.0,003600,130.0
2016.0,5.0,003700,92.0
2016.0,5.0,003800,126.0
2016.0,5.0,003900,141.0
2016.0,5.0,004001,112.0
2016.0,5.0,004002,92.0
2016.0,5.0,004100,103.0
2016.0,5.0,004201,120.0
2016.0,5.0,004202,107.0
2016.0,5.0,004300,191.0
2016.0,5.0,004400,379.0
2016.0,5.0,004600,205.0
2016.0,5.0,004701,60.0
2016.0,5.0,004702,84.0
2016.0,5.0,004801,241.0
2016.0,5.0,004802,136.0
2016.0,5.0,004901,153.0
2016.0,5.0,004902,150.0
2016.0,5.0,005001,82.0
2016.0,5.0,005002,109.0
2016.0,5.0,005201,181.0
2016.0,5.0,005301,171.0
2016.0,5.0,005500,329.0
2016.0,5.0,005600,272.0
2016.0,5.0,005800,574.0
2016.0,5.0,005900,248.0
2016.0,5.0,006202,153.0
2016.0,5.0,006400,101.0
2016.0,5.0,006500,185.0
2016.0,5.0,006600,132.0
2016.0,5.0,006700,149.0
2016.0,5.0,006801,89.0
2016.0,5.0,006802,90.0
2016.0,5.0,006804,20.0
2016.0,5.0,006900,119.0
2016.0,5.0,007000,167.0
2016.0,5.0,007100,98.0
2016.0,5.0,007200,171.0
2016.0,5.0,007301,14.0
2016.0,5.0,007304,105.0
2016.0,5.0,007401,48.0
2016.0,5.0,007403,37.0
2016.0,5.0,007404,93.0
2016.0,5.0,007406,29.0
2016.0,5.0,007407,101.0
2016.0,5.0,007408,55.0
2016.0,5.0,007409,48.0
2016.0,5.0,007502,77.0
2016.0,5.0,007503,109.0
2016.0,5.0,007504,49.0
2016.0,5.0,007601,212.0
2016.0,5.0,007603,121.0
2016.0,5.0,007604,124.0
2016.0,5.0,007605,81.0
2016.0,5.0,007703,112.0
2016.0,5.0,007707,127.0
2016.0,5.0,007708,50.0
2016.0,5.0,007709,61.0
2016.0,5.0,007803,186.0
2016.0,5.0,007804,74.0
2016.0,5.0,007806,99.0
2016.0,5.0,007807,70.0
2016.0,5.0,007808,140.0
2016.0,5.0,007809,97.0
2016.0,5.0,007901,186.0
2016.0,5.0,007903,98.0
2016.0,5.0,008001,151.0
2016.0,5.0,008002,193.0
2016.0,5.0,008100,125.0
2016.0,5.0,008200,138.0
2016.0,5.0,008301,248.0
2016.0,5.0,008302,135.0
2016.0,5.0,008402,151.0
2016.0,5.0,008410,227.0
2016.0,5.0,008701,122.0
2016.0,5.0,008702,109.0
2016.0,5.0,008802,218.0
2016.0,5.0,008803,33.0
2016.0,5.0,008804,121.0
2016.0,5.0,008903,123.0
2016.0,5.0,008904,70.0
2016.0,5.0,009000,45.0
2016.0,5.0,009102,166.0
2016.0,5.0,009201,52.0
2016.0,5.0,009203,116.0
2016.0,5.0,009204,37.0
2016.0,5.0,009301,162.0
2016.0,5.0,009302,89.0
2016.0,5.0,009400,201.0
2016.0,5.0,009501,86.0
2016.0,5.0,009503,142.0
2016.0,5.0,009504,127.0
2016.0,5.0,009505,161.0
2016.0,5.0,009507,62.0
2016.0,5.0,009508,93.0
2016.0,5.0,009509,111.0
2016.0,5.0,009601,71.0
2016.0,5.0,009602,56.0
2016.0,5.0,009603,119.0
2016.0,5.0,009604,77.0
2016.0,5.0,009700,91.0
2016.0,5.0,009801,32.0
2016.0,5.0,009802,28.0
2016.0,5.0,009803,64.0
2016.0,5.0,009804,60.0
2016.0,5.0,009807,78.0
2016.0,5.0,009810,35.0
2016.0,5.0,009811,62.0
2016.0,5.0,009901,153.0
2016.0,5.0,009902,148.0
2016.0,5.0,009903,55.0
2016.0,5.0,009904,111.0
2016.0,5.0,009905,84.0
2016.0,5.0,009906,64.0
2016.0,5.0,009907,58.0
2016.0,5.0,010100,335.0
2016.0,5.0,010200,268.0
2016.0,5.0,010300,109.0
2016.0,5.0,010400,170.0
2016.0,5.0,010500,143.0
2016.0,5.0,010600,364.0
2016.0,5.0,010700,575.0
2016.0,5.0,010800,469.0
2016.0,5.0,010900,28.0
2016.0,5.0,011000,46.0
2016.0,5.0,011100,250.0
2016.0,6.0,000100,291.0
2016.0,6.0,000201,8.0
2016.0,6.0,000202,245.0
2016.0,6.0,000300,255.0
2016.0,6.0,000400,64.0
2016.0,6.0,000501,72.0
2016.0,6.0,000502,70.0
2016.0,6.0,000600,138.0
2016.0,6.0,000701,70.0
2016.0,6.0,000702,38.0
2016.0,6.0,000801,118.0
2016.0,6.0,000802,119.0
2016.0,6.0,000901,187.0
2016.0,6.0,000902,94.0
2016.0,6.0,001001,399.0
2016.0,6.0,001002,56.0
2016.0,6.0,001100,346.0
2016.0,6.0,001200,178.0
2016.0,6.0,001301,134.0
2016.0,6.0,001302,85.0
2016.0,6.0,001401,112.0
2016.0,6.0,001402,111.0
2016.0,6.0,001500,182.0
2016.0,6.0,001600,241.0
2016.0,6.0,001702,185.0
2016.0,6.0,001803,57.0
2016.0,6.0,001804,157.0
2016.0,6.0,001901,209.0
2016.0,6.0,001902,127.0
2016.0,6.0,002001,113.0
2016.0,6.0,002002,214.0
2016.0,6.0,002101,204.0
2016.0,6.0,002102,216.0
2016.0,6.0,002201,242.0
2016.0,6.0,002202,125.0
2016.0,6.0,002301,195.0
2016.0,6.0,002302,13.0
2016.0,6.0,002400,258.0
2016.0,6.0,002501,149.0
2016.0,6.0,002502,256.0
2016.0,6.0,002600,146.0
2016.0,6.0,002701,140.0
2016.0,6.0,002702,220.0
2016.0,6.0,002801,107.0
2016.0,6.0,002802,196.0
2016.0,6.0,002900,205.0
2016.0,6.0,003000,111.0
2016.0,6.0,003100,149.0
2016.0,6.0,003200,270.0
2016.0,6.0,003301,180.0
2016.0,6.0,003302,140.0
2016.0,6.0,003400,270.0
2016.0,6.0,003500,139.0
2016.0,6.0,003600,92.0
2016.0,6.0,003700,96.0
2016.0,6.0,003800,186.0
2016.0,6.0,003900,172.0
2016.0,6.0,004001,95.0
2016.0,6.0,004002,155.0
2016.0,6.0,004100,107.0
2016.0,6.0,004201,131.0
2016.0,6.0,004202,136.0
2016.0,6.0,004300,189.0
2016.0,6.0,004400,422.0
2016.0,6.0,004600,211.0
2016.0,6.0,004701,103.0
2016.0,6.0,004702,74.0
2016.0,6.0,004801,233.0
2016.0,6.0,004802,116.0
2016.0,6.0,004901,165.0
2016.0,6.0,004902,111.0
2016.0,6.0,005001,134.0
2016.0,6.0,005002,83.0
2016.0,6.0,005201,179.0
2016.0,6.0,005301,183.0
2016.0,6.0,005500,366.0
2016.0,6.0,005600,180.0
2016.0,6.0,005800,523.0
2016.0,6.0,005900,254.0
2016.0,6.0,006202,206.0
2016.0,6.0,006400,94.0
2016.0,6.0,006500,155.0
2016.0,6.0,006600,123.0
2016.0,6.0,006700,170.0
2016.0,6.0,006801,111.0
2016.0,6.0,006802,121.0
2016.0,6.0,006804,22.0
2016.0,6.0,006900,128.0
2016.0,6.0,007000,140.0
2016.0,6.0,007100,100.0
2016.0,6.0,007200,157.0
2016.0,6.0,007301,7.0
2016.0,6.0,007304,92.0
2016.0,6.0,007401,53.0
2016.0,6.0,007403,26.0
2016.0,6.0,007404,90.0
2016.0,6.0,007406,22.0
2016.0,6.0,007407,94.0
2016.0,6.0,007408,52.0
2016.0,6.0,007409,40.0
2016.0,6.0,007502,53.0
2016.0,6.0,007503,120.0
2016.0,6.0,007504,69.0
2016.0,6.0,007601,238.0
2016.0,6.0,007603,121.0
2016.0,6.0,007604,148.0
2016.0,6.0,007605,85.0
2016.0,6.0,007703,99.0
2016.0,6.0,007707,186.0
2016.0,6.0,007708,63.0
2016.0,6.0,007709,76.0
2016.0,6.0,007803,243.0
2016.0,6.0,007804,152.0
2016.0,6.0,007806,113.0
2016.0,6.0,007807,102.0
2016.0,6.0,007808,282.0
2016.0,6.0,007809,126.0
2016.0,6.0,007901,206.0
2016.0,6.0,007903,120.0
2016.0,6.0,008001,197.0
2016.0,6.0,008002,145.0
2016.0,6.0,008100,140.0
2016.0,6.0,008200,172.0
2016.0,6.0,008301,297.0
2016.0,6.0,008302,149.0
2016.0,6.0,008402,114.0
2016.0,6.0,008410,247.0
2016.0,6.0,008701,157.0
2016.0,6.0,008702,136.0
2016.0,6.0,008802,250.0
2016.0,6.0,008803,72.0
2016.0,6.0,008804,166.0
2016.0,6.0,008903,150.0
2016.0,6.0,008904,87.0
2016.0,6.0,009000,31.0
2016.0,6.0,009102,204.0
2016.0,6.0,009201,71.0
2016.0,6.0,009203,128.0
2016.0,6.0,009204,39.0
2016.0,6.0,009301,193.0
2016.0,6.0,009302,86.0
2016.0,6.0,009400,177.0
2016.0,6.0,009501,114.0
2016.0,6.0,009503,196.0
2016.0,6.0,009504,117.0
2016.0,6.0,009505,191.0
2016.0,6.0,009507,68.0
2016.0,6.0,009508,101.0
2016.0,6.0,009509,143.0
2016.0,6.0,009601,72.0
2016.0,6.0,009602,52.0
2016.0,6.0,009603,131.0
2016.0,6.0,009604,107.0
2016.0,6.0,009700,68.0
2016.0,6.0,009801,46.0
2016.0,6.0,009802,48.0
2016.0,6.0,009803,67.0
2016.0,6.0,009804,72.0
2016.0,6.0,009807,138.0
2016.0,6.0,009810,29.0
2016.0,6.0,009811,71.0
2016.0,6.0,009901,138.0
2016.0,6.0,009902,167.0
2016.0,6.0,009903,93.0
2016.0,6.0,009904,124.0
2016.0,6.0,009905,115.0
2016.0,6.0,009906,81.0
2016.0,6.0,009907,50.0
2016.0,6.0,010100,293.0
2016.0,6.0,010200,243.0
2016.0,6.0,010300,123.0
2016.0,6.0,010400,182.0
2016.0,6.0,010500,155.0
2016.0,6.0,010600,417.0
2016.0,6.0,010700,476.0
2016.0,6.0,010800,392.0
2016.0,6.0,010900,24.0
2016.0,6.0,011000,53.0
2016.0,6.0,011100,321.0
2016.0,7.0,000100,311.0
2016.0,7.0,000201,10.0
2016.0,7.0,000202,204.0
2016.0,7.0,000300,243.0
2016.0,7.0,000400,96.0
2016.0,7.0,000501,60.0
2016.0,7.0,000502,125.0
2016.0,7.0,000600,131.0
2016.0,7.0,000701,87.0
2016.0,7.0,000702,37.0
2016.0,7.0,000801,98.0
2016.0,7.0,000802,107.0
2016.0,7.0,000901,157.0
2016.0,7.0,000902,83.0
2016.0,7.0,001001,384.0
2016.0,7.0,001002,73.0
2016.0,7.0,001100,296.0
2016.0,7.0,001200,221.0
2016.0,7.0,001301,85.0
2016.0,7.0,001302,98.0
2016.0,7.0,001401,77.0
2016.0,7.0,001402,103.0
2016.0,7.0,001500,163.0
2016.0,7.0,001600,192.0
2016.0,7.0,001702,149.0
2016.0,7.0,001803,60.0
2016.0,7.0,001804,113.0
2016.0,7.0,001901,231.0
2016.0,7.0,001902,94.0
2016.0,7.0,002001,127.0
2016.0,7.0,002002,275.0
2016.0,7.0,002101,260.0
2016.0,7.0,002102,221.0
2016.0,7.0,002201,282.0
2016.0,7.0,002202,150.0
2016.0,7.0,002301,290.0
2016.0,7.0,002302,12.0
2016.0,7.0,002400,371.0
2016.0,7.0,002501,130.0
2016.0,7.0,002502,209.0
2016.0,7.0,002600,78.0
2016.0,7.0,002701,116.0
2016.0,7.0,002702,346.0
2016.0,7.0,002801,100.0
2016.0,7.0,002802,214.0
2016.0,7.0,002900,202.0
2016.0,7.0,003000,113.0
2016.0,7.0,003100,160.0
2016.0,7.0,003200,229.0
2016.0,7.0,003301,180.0
2016.0,7.0,003302,133.0
2016.0,7.0,003400,186.0
2016.0,7.0,003500,178.0
2016.0,7.0,003600,141.0
2016.0,7.0,003700,94.0
2016.0,7.0,003800,133.0
2016.0,7.0,003900,118.0
2016.0,7.0,004001,102.0
2016.0,7.0,004002,103.0
2016.0,7.0,004100,72.0
2016.0,7.0,004201,116.0
2016.0,7.0,004202,127.0
2016.0,7.0,004300,215.0
2016.0,7.0,004400,431.0
2016.0,7.0,004600,233.0
2016.0,7.0,004701,56.0
2016.0,7.0,004702,97.0
2016.0,7.0,004801,220.0
2016.0,7.0,004802,76.0
2016.0,7.0,004901,173.0
2016.0,7.0,004902,124.0
2016.0,7.0,005001,93.0
2016.0,7.0,005002,88.0
2016.0,7.0,005201,234.0
2016.0,7.0,005301,165.0
2016.0,7.0,005500,439.0
2016.0,7.0,005600,172.0
2016.0,7.0,005800,501.0
2016.0,7.0,005900,234.0
2016.0,7.0,006202,177.0
2016.0,7.0,006400,78.0
2016.0,7.0,006500,138.0
2016.0,7.0,006600,139.0
2016.0,7.0,006700,172.0
2016.0,7.0,006801,83.0
2016.0,7.0,006802,96.0
2016.0,7.0,006804,15.0
2016.0,7.0,006900,117.0
2016.0,7.0,007000,165.0
2016.0,7.0,007100,117.0
2016.0,7.0,007200,182.0
2016.0,7.0,007301,11.0
2016.0,7.0,007304,93.0
2016.0,7.0,007401,51.0
2016.0,7.0,007403,42.0
2016.0,7.0,007404,74.0
2016.0,7.0,007406,13.0
2016.0,7.0,007407,102.0
2016.0,7.0,007408,44.0
2016.0,7.0,007409,66.0
2016.0,7.0,007502,59.0
2016.0,7.0,007503,92.0
2016.0,7.0,007504,91.0
2016.0,7.0,007601,259.0
2016.0,7.0,007603,141.0
2016.0,7.0,007604,137.0
2016.0,7.0,007605,89.0
2016.0,7.0,007703,96.0
2016.0,7.0,007707,184.0
2016.0,7.0,007708,64.0
2016.0,7.0,007709,84.0
2016.0,7.0,007803,230.0
2016.0,7.0,007804,93.0
2016.0,7.0,007806,113.0
2016.0,7.0,007807,82.0
2016.0,7.0,007808,184.0
2016.0,7.0,007809,119.0
2016.0,7.0,007901,169.0
2016.0,7.0,007903,91.0
2016.0,7.0,008001,140.0
2016.0,7.0,008002,152.0
2016.0,7.0,008100,163.0
2016.0,7.0,008200,122.0
2016.0,7.0,008301,289.0
2016.0,7.0,008302,165.0
2016.0,7.0,008402,153.0
2016.0,7.0,008410,230.0
2016.0,7.0,008701,133.0
2016.0,7.0,008702,132.0
2016.0,7.0,008802,294.0
2016.0,7.0,008803,59.0
2016.0,7.0,008804,134.0
2016.0,7.0,008903,127.0
2016.0,7.0,008904,58.0
2016.0,7.0,009000,38.0
2016.0,7.0,009102,166.0
2016.0,7.0,009201,48.0
2016.0,7.0,009203,112.0
2016.0,7.0,009204,34.0
2016.0,7.0,009301,162.0
2016.0,7.0,009302,65.0
2016.0,7.0,009400,200.0
2016.0,7.0,009501,86.0
2016.0,7.0,009503,128.0
2016.0,7.0,009504,115.0
2016.0,7.0,009505,201.0
2016.0,7.0,009507,83.0
2016.0,7.0,009508,93.0
2016.0,7.0,009509,112.0
2016.0,7.0,009601,114.0
2016.0,7.0,009602,42.0
2016.0,7.0,009603,130.0
2016.0,7.0,009604,96.0
2016.0,7.0,009700,106.0
2016.0,7.0,009801,42.0
2016.0,7.0,009802,44.0
2016.0,7.0,009803,56.0
2016.0,7.0,009804,58.0
2016.0,7.0,009807,113.0
2016.0,7.0,009810,45.0
2016.0,7.0,009811,90.0
2016.0,7.0,009901,131.0
2016.0,7.0,009902,148.0
2016.0,7.0,009903,72.0
2016.0,7.0,009904,124.0
2016.0,7.0,009905,118.0
2016.0,7.0,009906,66.0
2016.0,7.0,009907,50.0
2016.0,7.0,010100,301.0
2016.0,7.0,010200,304.0
2016.0,7.0,010300,138.0
2016.0,7.0,010400,394.0
2016.0,7.0,010500,294.0
2016.0,7.0,010600,455.0
2016.0,7.0,010700,456.0
2016.0,7.0,010800,340.0
2016.0,7.0,010900,29.0
2016.0,7.0,011000,40.0
2016.0,7.0,011100,272.0
2016.0,8.0,000100,386.0
2016.0,8.0,000201,8.0
2016.0,8.0,000202,272.0
2016.0,8.0,000300,267.0
2016.0,8.0,000400,58.0
2016.0,8.0,000501,116.0
2016.0,8.0,000502,151.0
2016.0,8.0,000600,157.0
2016.0,8.0,000701,85.0
2016.0,8.0,000702,36.0
2016.0,8.0,000801,104.0
2016.0,8.0,000802,176.0
2016.0,8.0,000901,148.0
2016.0,8.0,000902,101.0
2016.0,8.0,001001,360.0
2016.0,8.0,001002,80.0
2016.0,8.0,001100,362.0
2016.0,8.0,001200,163.0
2016.0,8.0,001301,82.0
2016.0,8.0,001302,98.0
2016.0,8.0,001401,131.0
2016.0,8.0,001402,115.0
2016.0,8.0,001500,180.0
2016.0,8.0,001600,210.0
2016.0,8.0,001702,166.0
2016.0,8.0,001803,66.0
2016.0,8.0,001804,129.0
2016.0,8.0,001901,258.0
2016.0,8.0,001902,126.0
2016.0,8.0,002001,163.0
2016.0,8.0,002002,316.0
2016.0,8.0,002101,240.0
2016.0,8.0,002102,296.0
2016.0,8.0,002201,221.0
2016.0,8.0,002202,168.0
2016.0,8.0,002301,244.0
2016.0,8.0,002302,17.0
2016.0,8.0,002400,346.0
2016.0,8.0,002501,153.0
2016.0,8.0,002502,263.0
2016.0,8.0,002600,115.0
2016.0,8.0,002701,165.0
2016.0,8.0,002702,410.0
2016.0,8.0,002801,118.0
2016.0,8.0,002802,245.0
2016.0,8.0,002900,231.0
2016.0,8.0,003000,160.0
2016.0,8.0,003100,196.0
2016.0,8.0,003200,283.0
2016.0,8.0,003301,166.0
2016.0,8.0,003302,177.0
2016.0,8.0,003400,216.0
2016.0,8.0,003500,180.0
2016.0,8.0,003600,147.0
2016.0,8.0,003700,160.0
2016.0,8.0,003800,200.0
2016.0,8.0,003900,147.0
2016.0,8.0,004001,106.0
2016.0,8.0,004002,174.0
2016.0,8.0,004100,130.0
2016.0,8.0,004201,215.0
2016.0,8.0,004202,268.0
2016.0,8.0,004300,243.0
2016.0,8.0,004400,372.0
2016.0,8.0,004600,241.0
2016.0,8.0,004701,61.0
2016.0,8.0,004702,80.0
2016.0,8.0,004801,195.0
2016.0,8.0,004802,152.0
2016.0,8.0,004901,170.0
2016.0,8.0,004902,120.0
2016.0,8.0,005001,149.0
2016.0,8.0,005002,148.0
2016.0,8.0,005201,226.0
2016.0,8.0,005301,226.0
2016.0,8.0,005500,482.0
2016.0,8.0,005600,282.0
2016.0,8.0,005800,561.0
2016.0,8.0,005900,304.0
2016.0,8.0,006202,191.0
2016.0,8.0,006400,111.0
2016.0,8.0,006500,163.0
2016.0,8.0,006600,147.0
2016.0,8.0,006700,180.0
2016.0,8.0,006801,89.0
2016.0,8.0,006802,87.0
2016.0,8.0,006804,12.0
2016.0,8.0,006900,145.0
2016.0,8.0,007000,137.0
2016.0,8.0,007100,126.0
2016.0,8.0,007200,219.0
2016.0,8.0,007301,3.0
2016.0,8.0,007304,92.0
2016.0,8.0,007401,52.0
2016.0,8.0,007403,20.0
2016.0,8.0,007404,90.0
2016.0,8.0,007406,12.0
2016.0,8.0,007407,110.0
2016.0,8.0,007408,42.0
2016.0,8.0,007409,78.0
2016.0,8.0,007502,86.0
2016.0,8.0,007503,102.0
2016.0,8.0,007504,100.0
2016.0,8.0,007601,246.0
2016.0,8.0,007603,133.0
2016.0,8.0,007604,147.0
2016.0,8.0,007605,96.0
2016.0,8.0,007703,108.0
2016.0,8.0,007707,152.0
2016.0,8.0,007708,64.0
2016.0,8.0,007709,102.0
2016.0,8.0,007803,218.0
2016.0,8.0,007804,108.0
2016.0,8.0,007806,117.0
2016.0,8.0,007807,97.0
2016.0,8.0,007808,199.0
2016.0,8.0,007809,127.0
2016.0,8.0,007901,196.0
2016.0,8.0,007903,135.0
2016.0,8.0,008001,200.0
2016.0,8.0,008002,218.0
2016.0,8.0,008100,157.0
2016.0,8.0,008200,164.0
2016.0,8.0,008301,363.0
2016.0,8.0,008302,216.0
2016.0,8.0,008402,140.0
2016.0,8.0,008410,274.0
2016.0,8.0,008701,220.0
2016.0,8.0,008702,141.0
2016.0,8.0,008802,342.0
2016.0,8.0,008803,73.0
2016.0,8.0,008804,163.0
2016.0,8.0,008903,191.0
2016.0,8.0,008904,74.0
2016.0,8.0,009000,23.0
2016.0,8.0,009102,208.0
2016.0,8.0,009201,84.0
2016.0,8.0,009203,176.0
2016.0,8.0,009204,43.0
2016.0,8.0,009301,208.0
2016.0,8.0,009302,67.0
2016.0,8.0,009400,230.0
2016.0,8.0,009501,78.0
2016.0,8.0,009503,177.0
2016.0,8.0,009504,155.0
2016.0,8.0,009505,239.0
2016.0,8.0,009507,154.0
2016.0,8.0,009508,114.0
2016.0,8.0,009509,169.0
2016.0,8.0,009601,103.0
2016.0,8.0,009602,38.0
2016.0,8.0,009603,120.0
2016.0,8.0,009604,111.0
2016.0,8.0,009700,93.0
2016.0,8.0,009801,56.0
2016.0,8.0,009802,44.0
2016.0,8.0,009803,96.0
2016.0,8.0,009804,89.0
2016.0,8.0,009807,135.0
2016.0,8.0,009810,45.0
2016.0,8.0,009811,95.0
2016.0,8.0,009901,147.0
2016.0,8.0,009902,144.0
2016.0,8.0,009903,71.0
2016.0,8.0,009904,91.0
2016.0,8.0,009905,113.0
2016.0,8.0,009906,81.0
2016.0,8.0,009907,48.0
2016.0,8.0,010100,330.0
2016.0,8.0,010200,242.0
2016.0,8.0,010300,105.0
2016.0,8.0,010400,382.0
2016.0,8.0,010500,471.0
2016.0,8.0,010600,458.0
2016.0,8.0,010700,622.0
2016.0,8.0,010800,451.0
2016.0,8.0,010900,29.0
2016.0,8.0,011000,49.0
2016.0,8.0,011100,349.0
2016.0,9.0,000100,374.0
2016.0,9.0,000201,21.0
2016.0,9.0,000202,265.0
2016.0,9.0,000300,241.0
2016.0,9.0,000400,99.0
2016.0,9.0,000501,99.0
2016.0,9.0,000502,110.0
2016.0,9.0,000600,157.0
2016.0,9.0,000701,101.0
2016.0,9.0,000702,32.0
2016.0,9.0,000801,139.0
2016.0,9.0,000802,185.0
2016.0,9.0,000901,203.0
2016.0,9.0,000902,83.0
2016.0,9.0,001001,372.0
2016.0,9.0,001002,88.0
2016.0,9.0,001100,293.0
2016.0,9.0,001200,155.0
2016.0,9.0,001301,105.0
2016.0,9.0,001302,97.0
2016.0,9.0,001401,125.0
2016.0,9.0,001402,124.0
2016.0,9.0,001500,235.0
2016.0,9.0,001600,212.0
2016.0,9.0,001702,165.0
2016.0,9.0,001803,77.0
2016.0,9.0,001804,131.0
2016.0,9.0,001901,219.0
2016.0,9.0,001902,90.0
2016.0,9.0,002001,120.0
2016.0,9.0,002002,178.0
2016.0,9.0,002101,243.0
2016.0,9.0,002102,261.0
2016.0,9.0,002201,211.0
2016.0,9.0,002202,143.0
2016.0,9.0,002301,204.0
2016.0,9.0,002302,20.0
2016.0,9.0,002400,233.0
2016.0,9.0,002501,207.0
2016.0,9.0,002502,216.0
2016.0,9.0,002600,95.0
2016.0,9.0,002701,125.0
2016.0,9.0,002702,220.0
2016.0,9.0,002801,71.0
2016.0,9.0,002802,166.0
2016.0,9.0,002900,179.0
2016.0,9.0,003000,100.0
2016.0,9.0,003100,176.0
2016.0,9.0,003200,307.0
2016.0,9.0,003301,199.0
2016.0,9.0,003302,133.0
2016.0,9.0,003400,199.0
2016.0,9.0,003500,184.0
2016.0,9.0,003600,172.0
2016.0,9.0,003700,95.0
2016.0,9.0,003800,157.0
2016.0,9.0,003900,128.0
2016.0,9.0,004001,121.0
2016.0,9.0,004002,104.0
2016.0,9.0,004100,120.0
2016.0,9.0,004201,149.0
2016.0,9.0,004202,179.0
2016.0,9.0,004300,217.0
2016.0,9.0,004400,396.0
2016.0,9.0,004600,244.0
2016.0,9.0,004701,55.0
2016.0,9.0,004702,84.0
2016.0,9.0,004801,221.0
2016.0,9.0,004802,116.0
2016.0,9.0,004901,165.0
2016.0,9.0,004902,159.0
2016.0,9.0,005001,159.0
2016.0,9.0,005002,106.0
2016.0,9.0,005201,223.0
2016.0,9.0,005301,192.0
2016.0,9.0,005500,521.0
2016.0,9.0,005600,234.0
2016.0,9.0,005800,476.0
2016.0,9.0,005900,226.0
2016.0,9.0,006202,174.0
2016.0,9.0,006400,94.0
2016.0,9.0,006500,127.0
2016.0,9.0,006600,142.0
2016.0,9.0,006700,190.0
2016.0,9.0,006801,71.0
2016.0,9.0,006802,122.0
2016.0,9.0,006804,13.0
2016.0,9.0,006900,127.0
2016.0,9.0,007000,153.0
2016.0,9.0,007100,121.0
2016.0,9.0,007200,174.0
2016.0,9.0,007301,4.0
2016.0,9.0,007304,83.0
2016.0,9.0,007401,59.0
2016.0,9.0,007403,18.0
2016.0,9.0,007404,80.0
2016.0,9.0,007406,20.0
2016.0,9.0,007407,133.0
2016.0,9.0,007408,50.0
2016.0,9.0,007409,60.0
2016.0,9.0,007502,61.0
2016.0,9.0,007503,110.0
2016.0,9.0,007504,73.0
2016.0,9.0,007601,190.0
2016.0,9.0,007603,138.0
2016.0,9.0,007604,190.0
2016.0,9.0,007605,113.0
2016.0,9.0,007703,75.0
2016.0,9.0,007707,177.0
2016.0,9.0,007708,62.0
2016.0,9.0,007709,80.0
2016.0,9.0,007803,196.0
2016.0,9.0,007804,113.0
2016.0,9.0,007806,101.0
2016.0,9.0,007807,107.0
2016.0,9.0,007808,152.0
2016.0,9.0,007809,137.0
2016.0,9.0,007901,215.0
2016.0,9.0,007903,131.0
2016.0,9.0,008001,183.0
2016.0,9.0,008002,163.0
2016.0,9.0,008100,129.0
2016.0,9.0,008200,155.0
2016.0,9.0,008301,543.0
2016.0,9.0,008302,394.0
2016.0,9.0,008402,154.0
2016.0,9.0,008410,332.0
2016.0,9.0,008701,224.0
2016.0,9.0,008702,160.0
2016.0,9.0,008802,271.0
2016.0,9.0,008803,58.0
2016.0,9.0,008804,88.0
2016.0,9.0,008903,173.0
2016.0,9.0,008904,69.0
2016.0,9.0,009000,46.0
2016.0,9.0,009102,198.0
2016.0,9.0,009201,89.0
2016.0,9.0,009203,131.0
2016.0,9.0,009204,28.0
2016.0,9.0,009301,201.0
2016.0,9.0,009302,106.0
2016.0,9.0,009400,231.0
2016.0,9.0,009501,60.0
2016.0,9.0,009503,141.0
2016.0,9.0,009504,126.0
2016.0,9.0,009505,177.0
2016.0,9.0,009507,74.0
2016.0,9.0,009508,109.0
2016.0,9.0,009509,131.0
2016.0,9.0,009601,119.0
2016.0,9.0,009602,43.0
2016.0,9.0,009603,114.0
2016.0,9.0,009604,73.0
2016.0,9.0,009700,88.0
2016.0,9.0,009801,54.0
2016.0,9.0,009802,33.0
2016.0,9.0,009803,56.0
2016.0,9.0,009804,56.0
2016.0,9.0,009807,110.0
2016.0,9.0,009810,28.0
2016.0,9.0,009811,64.0
2016.0,9.0,009901,141.0
2016.0,9.0,009902,137.0
2016.0,9.0,009903,72.0
2016.0,9.0,009904,75.0
2016.0,9.0,009905,114.0
2016.0,9.0,009906,62.0
2016.0,9.0,009907,40.0
2016.0,9.0,010100,266.0
2016.0,9.0,010200,179.0
2016.0,9.0,010300,122.0
2016.0,9.0,010400,191.0
2016.0,9.0,010500,225.0
2016.0,9.0,010600,437.0
2016.0,9.0,010700,428.0
2016.0,9.0,010800,325.0
2016.0,9.0,010900,31.0
2016.0,9.0,011000,54.0
2016.0,9.0,011100,311.0
2016.0,10.0,000100,426.0
2016.0,10.0,000201,19.0
2016.0,10.0,000202,341.0
2016.0,10.0,000300,152.0
2016.0,10.0,000400,86.0
2016.0,10.0,000501,60.0
2016.0,10.0,000502,80.0
2016.0,10.0,000600,164.0
2016.0,10.0,000701,67.0
2016.0,10.0,000702,22.0
2016.0,10.0,000801,99.0
2016.0,10.0,000802,109.0
2016.0,10.0,000901,127.0
2016.0,10.0,000902,70.0
2016.0,10.0,001001,291.0
2016.0,10.0,001002,45.0
2016.0,10.0,001100,232.0
2016.0,10.0,001200,139.0
2016.0,10.0,001301,91.0
2016.0,10.0,001302,121.0
2016.0,10.0,001401,98.0
2016.0,10.0,001402,91.0
2016.0,10.0,001500,145.0
2016.0,10.0,001600,159.0
2016.0,10.0,001702,184.0
2016.0,10.0,001803,50.0
2016.0,10.0,001804,104.0
2016.0,10.0,001901,211.0
2016.0,10.0,001902,99.0
2016.0,10.0,002001,65.0
2016.0,10.0,002002,127.0
2016.0,10.0,002101,194.0
2016.0,10.0,002102,208.0
2016.0,10.0,002201,144.0
2016.0,10.0,002202,90.0
2016.0,10.0,002301,139.0
2016.0,10.0,002302,22.0
2016.0,10.0,002400,216.0
2016.0,10.0,002501,104.0
2016.0,10.0,002502,215.0
2016.0,10.0,002600,69.0
2016.0,10.0,002701,89.0
2016.0,10.0,002702,152.0
2016.0,10.0,002801,79.0
2016.0,10.0,002802,181.0
2016.0,10.0,002900,154.0
2016.0,10.0,003000,101.0
2016.0,10.0,003100,149.0
2016.0,10.0,003200,251.0
2016.0,10.0,003301,129.0
2016.0,10.0,003302,104.0
2016.0,10.0,003400,210.0
2016.0,10.0,003500,178.0
2016.0,10.0,003600,120.0
2016.0,10.0,003700,76.0
2016.0,10.0,003800,167.0
2016.0,10.0,003900,109.0
2016.0,10.0,004001,103.0
2016.0,10.0,004002,115.0
2016.0,10.0,004100,130.0
2016.0,10.0,004201,154.0
2016.0,10.0,004202,145.0
2016.0,10.0,004300,170.0
2016.0,10.0,004400,363.0
2016.0,10.0,004600,223.0
2016.0,10.0,004701,85.0
2016.0,10.0,004702,63.0
2016.0,10.0,004801,214.0
2016.0,10.0,004802,107.0
2016.0,10.0,004901,144.0
2016.0,10.0,004902,136.0
2016.0,10.0,005001,113.0
2016.0,10.0,005002,86.0
2016.0,10.0,005201,242.0
2016.0,10.0,005301,142.0
2016.0,10.0,005500,399.0
2016.0,10.0,005600,223.0
2016.0,10.0,005800,473.0
2016.0,10.0,005900,238.0
2016.0,10.0,006202,233.0
2016.0,10.0,006400,67.0
2016.0,10.0,006500,92.0
2016.0,10.0,006600,98.0
2016.0,10.0,006700,123.0
2016.0,10.0,006801,88.0
2016.0,10.0,006802,107.0
2016.0,10.0,006804,21.0
2016.0,10.0,006900,92.0
2016.0,10.0,007000,129.0
2016.0,10.0,007100,105.0
2016.0,10.0,007200,128.0
2016.0,10.0,007301,14.0
2016.0,10.0,007304,89.0
2016.0,10.0,007401,62.0
2016.0,10.0,007403,23.0
2016.0,10.0,007404,82.0
2016.0,10.0,007406,14.0
2016.0,10.0,007407,114.0
2016.0,10.0,007408,39.0
2016.0,10.0,007409,38.0
2016.0,10.0,007502,71.0
2016.0,10.0,007503,92.0
2016.0,10.0,007504,62.0
2016.0,10.0,007601,159.0
2016.0,10.0,007603,148.0
2016.0,10.0,007604,154.0
2016.0,10.0,007605,67.0
2016.0,10.0,007703,77.0
2016.0,10.0,007707,144.0
2016.0,10.0,007708,64.0
2016.0,10.0,007709,92.0
2016.0,10.0,007803,190.0
2016.0,10.0,007804,81.0
2016.0,10.0,007806,96.0
2016.0,10.0,007807,91.0
2016.0,10.0,007808,178.0
2016.0,10.0,007809,126.0
2016.0,10.0,007901,163.0
2016.0,10.0,007903,113.0
2016.0,10.0,008001,174.0
2016.0,10.0,008002,154.0
2016.0,10.0,008100,78.0
2016.0,10.0,008200,144.0
2016.0,10.0,008301,172.0
2016.0,10.0,008302,122.0
2016.0,10.0,008402,120.0
2016.0,10.0,008410,170.0
2016.0,10.0,008701,170.0
2016.0,10.0,008702,143.0
2016.0,10.0,008802,204.0
2016.0,10.0,008803,77.0
2016.0,10.0,008804,111.0
2016.0,10.0,008903,85.0
2016.0,10.0,008904,68.0
2016.0,10.0,009000,43.0
2016.0,10.0,009102,142.0
2016.0,10.0,009201,71.0
2016.0,10.0,009203,92.0
2016.0,10.0,009204,28.0
2016.0,10.0,009301,173.0
2016.0,10.0,009302,72.0
2016.0,10.0,009400,188.0
2016.0,10.0,009501,86.0
2016.0,10.0,009503,118.0
2016.0,10.0,009504,126.0
2016.0,10.0,009505,184.0
2016.0,10.0,009507,60.0
2016.0,10.0,009508,92.0
2016.0,10.0,009509,105.0
2016.0,10.0,009601,92.0
2016.0,10.0,009602,45.0
2016.0,10.0,009603,114.0
2016.0,10.0,009604,109.0
2016.0,10.0,009700,95.0
2016.0,10.0,009801,44.0
2016.0,10.0,009802,38.0
2016.0,10.0,009803,76.0
2016.0,10.0,009804,64.0
2016.0,10.0,009807,86.0
2016.0,10.0,009810,33.0
2016.0,10.0,009811,69.0
2016.0,10.0,009901,141.0
2016.0,10.0,009902,140.0
2016.0,10.0,009903,55.0
2016.0,10.0,009904,70.0
2016.0,10.0,009905,105.0
2016.0,10.0,009906,58.0
2016.0,10.0,009907,51.0
2016.0,10.0,010100,241.0
2016.0,10.0,010200,209.0
2016.0,10.0,010300,102.0
2016.0,10.0,010400,258.0
2016.0,10.0,010500,260.0
2016.0,10.0,010600,343.0
2016.0,10.0,010700,441.0
2016.0,10.0,010800,345.0
2016.0,10.0,010900,29.0
2016.0,10.0,011000,30.0
2016.0,10.0,011100,268.0
2016.0,11.0,000100,353.0
2016.0,11.0,000201,10.0
2016.0,11.0,000202,298.0
2016.0,11.0,000300,148.0
2016.0,11.0,000400,54.0
2016.0,11.0,000501,64.0
2016.0,11.0,000502,59.0
2016.0,11.0,000600,125.0
2016.0,11.0,000701,40.0
2016.0,11.0,000702,17.0
2016.0,11.0,000801,82.0
2016.0,11.0,000802,93.0
2016.0,11.0,000901,112.0
2016.0,11.0,000902,50.0
2016.0,11.0,001001,345.0
2016.0,11.0,001002,50.0
2016.0,11.0,001100,297.0
2016.0,11.0,001200,126.0
2016.0,11.0,001301,73.0
2016.0,11.0,001302,78.0
2016.0,11.0,001401,99.0
2016.0,11.0,001402,71.0
2016.0,11.0,001500,140.0
2016.0,11.0,001600,153.0
2016.0,11.0,001702,143.0
2016.0,11.0,001803,52.0
2016.0,11.0,001804,74.0
2016.0,11.0,001901,168.0
2016.0,11.0,001902,86.0
2016.0,11.0,002001,58.0
2016.0,11.0,002002,125.0
2016.0,11.0,002101,156.0
2016.0,11.0,002102,132.0
2016.0,11.0,002201,137.0
2016.0,11.0,002202,86.0
2016.0,11.0,002301,127.0
2016.0,11.0,002302,18.0
2016.0,11.0,002400,152.0
2016.0,11.0,002501,81.0
2016.0,11.0,002502,164.0
2016.0,11.0,002600,72.0
2016.0,11.0,002701,85.0
2016.0,11.0,002702,153.0
2016.0,11.0,002801,77.0
2016.0,11.0,002802,153.0
2016.0,11.0,002900,112.0
2016.0,11.0,003000,78.0
2016.0,11.0,003100,99.0
2016.0,11.0,003200,202.0
2016.0,11.0,003301,134.0
2016.0,11.0,003302,69.0
2016.0,11.0,003400,173.0
2016.0,11.0,003500,154.0
2016.0,11.0,003600,123.0
2016.0,11.0,003700,100.0
2016.0,11.0,003800,127.0
2016.0,11.0,003900,128.0
2016.0,11.0,004001,94.0
2016.0,11.0,004002,108.0
2016.0,11.0,004100,95.0
2016.0,11.0,004201,79.0
2016.0,11.0,004202,111.0
2016.0,11.0,004300,113.0
2016.0,11.0,004400,257.0
2016.0,11.0,004600,193.0
2016.0,11.0,004701,76.0
2016.0,11.0,004702,49.0
2016.0,11.0,004801,117.0
2016.0,11.0,004802,64.0
2016.0,11.0,004901,82.0
2016.0,11.0,004902,81.0
2016.0,11.0,005001,103.0
2016.0,11.0,005002,55.0
2016.0,11.0,005201,193.0
2016.0,11.0,005301,104.0
2016.0,11.0,005500,368.0
2016.0,11.0,005600,181.0
2016.0,11.0,005800,385.0
2016.0,11.0,005900,140.0
2016.0,11.0,006202,155.0
2016.0,11.0,006400,49.0
2016.0,11.0,006500,105.0
2016.0,11.0,006600,115.0
2016.0,11.0,006700,110.0
2016.0,11.0,006801,54.0
2016.0,11.0,006802,98.0
2016.0,11.0,006804,11.0
2016.0,11.0,006900,83.0
2016.0,11.0,007000,95.0
2016.0,11.0,007100,78.0
2016.0,11.0,007200,128.0
2016.0,11.0,007301,4.0
2016.0,11.0,007304,75.0
2016.0,11.0,007401,44.0
2016.0,11.0,007403,23.0
2016.0,11.0,007404,66.0
2016.0,11.0,007406,13.0
2016.0,11.0,007407,89.0
2016.0,11.0,007408,32.0
2016.0,11.0,007409,52.0
2016.0,11.0,007502,45.0
2016.0,11.0,007503,80.0
2016.0,11.0,007504,49.0
2016.0,11.0,007601,121.0
2016.0,11.0,007603,103.0
2016.0,11.0,007604,110.0
2016.0,11.0,007605,72.0
2016.0,11.0,007703,88.0
2016.0,11.0,007707,115.0
2016.0,11.0,007708,67.0
2016.0,11.0,007709,56.0
2016.0,11.0,007803,154.0
2016.0,11.0,007804,75.0
2016.0,11.0,007806,69.0
2016.0,11.0,007807,89.0
2016.0,11.0,007808,148.0
2016.0,11.0,007809,78.0
2016.0,11.0,007901,139.0
2016.0,11.0,007903,129.0
2016.0,11.0,008001,128.0
2016.0,11.0,008002,119.0
2016.0,11.0,008100,80.0
2016.0,11.0,008200,98.0
2016.0,11.0,008301,128.0
2016.0,11.0,008302,83.0
2016.0,11.0,008402,89.0
2016.0,11.0,008410,156.0
2016.0,11.0,008701,116.0
2016.0,11.0,008702,138.0
2016.0,11.0,008802,148.0
2016.0,11.0,008803,60.0
2016.0,11.0,008804,79.0
2016.0,11.0,008903,86.0
2016.0,11.0,008904,59.0
2016.0,11.0,009000,24.0
2016.0,11.0,009102,122.0
2016.0,11.0,009201,52.0
2016.0,11.0,009203,86.0
2016.0,11.0,009204,32.0
2016.0,11.0,009301,97.0
2016.0,11.0,009302,60.0
2016.0,11.0,009400,169.0
2016.0,11.0,009501,63.0
2016.0,11.0,009503,118.0
2016.0,11.0,009504,100.0
2016.0,11.0,009505,148.0
2016.0,11.0,009507,60.0
2016.0,11.0,009508,105.0
2016.0,11.0,009509,115.0
2016.0,11.0,009601,78.0
2016.0,11.0,009602,19.0
2016.0,11.0,009603,87.0
2016.0,11.0,009604,92.0
2016.0,11.0,009700,70.0
2016.0,11.0,009801,38.0
2016.0,11.0,009802,35.0
2016.0,11.0,009803,82.0
2016.0,11.0,009804,49.0
2016.0,11.0,009807,104.0
2016.0,11.0,009810,31.0
2016.0,11.0,009811,64.0
2016.0,11.0,009901,122.0
2016.0,11.0,009902,141.0
2016.0,11.0,009903,64.0
2016.0,11.0,009904,83.0
2016.0,11.0,009905,76.0
2016.0,11.0,009906,39.0
2016.0,11.0,009907,48.0
2016.0,11.0,010100,200.0
2016.0,11.0,010200,231.0
2016.0,11.0,010300,68.0
2016.0,11.0,010400,146.0
2016.0,11.0,010500,81.0
2016.0,11.0,010600,249.0
2016.0,11.0,010700,468.0
2016.0,11.0,010800,409.0
2016.0,11.0,010900,20.0
2016.0,11.0,011000,34.0
2016.0,11.0,011100,212.0
2016.0,12.0,000100,291.0
2016.0,12.0,000201,20.0
2016.0,12.0,000202,219.0
2016.0,12.0,000300,131.0
2016.0,12.0,000400,51.0
2016.0,12.0,000501,79.0
2016.0,12.0,000502,60.0
2016.0,12.0,000600,111.0
2016.0,12.0,000701,60.0
2016.0,12.0,000702,27.0
2016.0,12.0,000801,111.0
2016.0,12.0,000802,144.0
2016.0,12.0,000901,103.0
2016.0,12.0,000902,67.0
2016.0,12.0,001001,267.0
2016.0,12.0,001002,39.0
2016.0,12.0,001100,258.0
2016.0,12.0,001200,110.0
2016.0,12.0,001301,59.0
2016.0,12.0,001302,70.0
2016.0,12.0,001401,67.0
2016.0,12.0,001402,92.0
2016.0,12.0,001500,123.0
2016.0,12.0,001600,154.0
2016.0,12.0,001702,186.0
2016.0,12.0,001803,40.0
2016.0,12.0,001804,106.0
2016.0,12.0,001901,151.0
2016.0,12.0,001902,105.0
2016.0,12.0,002001,69.0
2016.0,12.0,002002,138.0
2016.0,12.0,002101,158.0
2016.0,12.0,002102,181.0
2016.0,12.0,002201,133.0
2016.0,12.0,002202,95.0
2016.0,12.0,002301,106.0
2016.0,12.0,002302,15.0
2016.0,12.0,002400,164.0
2016.0,12.0,002501,116.0
2016.0,12.0,002502,174.0
2016.0,12.0,002600,68.0
2016.0,12.0,002701,89.0
2016.0,12.0,002702,140.0
2016.0,12.0,002801,60.0
2016.0,12.0,002802,123.0
2016.0,12.0,002900,198.0
2016.0,12.0,003000,93.0
2016.0,12.0,003100,147.0
2016.0,12.0,003200,229.0
2016.0,12.0,003301,170.0
2016.0,12.0,003302,127.0
2016.0,12.0,003400,170.0
2016.0,12.0,003500,161.0
2016.0,12.0,003600,118.0
2016.0,12.0,003700,64.0
2016.0,12.0,003800,134.0
2016.0,12.0,003900,76.0
2016.0,12.0,004001,74.0
2016.0,12.0,004002,70.0
2016.0,12.0,004100,73.0
2016.0,12.0,004201,122.0
2016.0,12.0,004202,140.0
2016.0,12.0,004300,127.0
2016.0,12.0,004400,269.0
2016.0,12.0,004600,263.0
2016.0,12.0,004701,62.0
2016.0,12.0,004702,68.0
2016.0,12.0,004801,173.0
2016.0,12.0,004802,67.0
2016.0,12.0,004901,78.0
2016.0,12.0,004902,82.0
2016.0,12.0,005001,109.0
2016.0,12.0,005002,82.0
2016.0,12.0,005201,128.0
2016.0,12.0,005301,95.0
2016.0,12.0,005500,421.0
2016.0,12.0,005600,207.0
2016.0,12.0,005800,488.0
2016.0,12.0,005900,215.0
2016.0,12.0,006202,185.0
2016.0,12.0,006400,42.0
2016.0,12.0,006500,114.0
2016.0,12.0,006600,154.0
2016.0,12.0,006700,159.0
2016.0,12.0,006801,60.0
2016.0,12.0,006802,90.0
2016.0,12.0,006804,23.0
2016.0,12.0,006900,79.0
2016.0,12.0,007000,122.0
2016.0,12.0,007100,58.0
2016.0,12.0,007200,151.0
2016.0,12.0,007301,8.0
2016.0,12.0,007304,84.0
2016.0,12.0,007401,38.0
2016.0,12.0,007403,21.0
2016.0,12.0,007404,67.0
2016.0,12.0,007406,11.0
2016.0,12.0,007407,91.0
2016.0,12.0,007408,30.0
2016.0,12.0,007409,63.0
2016.0,12.0,007502,57.0
2016.0,12.0,007503,75.0
2016.0,12.0,007504,60.0
2016.0,12.0,007601,165.0
2016.0,12.0,007603,104.0
2016.0,12.0,007604,120.0
2016.0,12.0,007605,68.0
2016.0,12.0,007703,94.0
2016.0,12.0,007707,145.0
2016.0,12.0,007708,53.0
2016.0,12.0,007709,82.0
2016.0,12.0,007803,162.0
2016.0,12.0,007804,90.0
2016.0,12.0,007806,70.0
2016.0,12.0,007807,73.0
2016.0,12.0,007808,141.0
2016.0,12.0,007809,103.0
2016.0,12.0,007901,158.0
2016.0,12.0,007903,112.0
2016.0,12.0,008001,153.0
2016.0,12.0,008002,121.0
2016.0,12.0,008100,105.0
2016.0,12.0,008200,136.0
2016.0,12.0,008301,137.0
2016.0,12.0,008302,92.0
2016.0,12.0,008402,97.0
2016.0,12.0,008410,142.0
2016.0,12.0,008701,134.0
2016.0,12.0,008702,107.0
2016.0,12.0,008802,149.0
2016.0,12.0,008803,79.0
2016.0,12.0,008804,109.0
2016.0,12.0,008903,67.0
2016.0,12.0,008904,68.0
2016.0,12.0,009000,32.0
2016.0,12.0,009102,117.0
2016.0,12.0,009201,80.0
2016.0,12.0,009203,116.0
2016.0,12.0,009204,34.0
2016.0,12.0,009301,153.0
2016.0,12.0,009302,78.0
2016.0,12.0,009400,184.0
2016.0,12.0,009501,61.0
2016.0,12.0,009503,178.0
2016.0,12.0,009504,121.0
2016.0,12.0,009505,144.0
2016.0,12.0,009507,61.0
2016.0,12.0,009508,112.0
2016.0,12.0,009509,129.0
2016.0,12.0,009601,96.0
2016.0,12.0,009602,33.0
2016.0,12.0,009603,115.0
2016.0,12.0,009604,64.0
2016.0,12.0,009700,85.0
2016.0,12.0,009801,29.0
2016.0,12.0,009802,30.0
2016.0,12.0,009803,63.0
2016.0,12.0,009804,47.0
2016.0,12.0,009807,88.0
2016.0,12.0,009810,23.0
2016.0,12.0,009811,89.0
2016.0,12.0,009901,133.0
2016.0,12.0,009902,163.0
2016.0,12.0,009903,88.0
2016.0,12.0,009904,91.0
2016.0,12.0,009905,136.0
2016.0,12.0,009906,47.0
2016.0,12.0,009907,41.0
2016.0,12.0,010100,254.0
2016.0,12.0,010200,223.0
2016.0,12.0,010300,88.0
2016.0,12.0,010400,148.0
2016.0,12.0,010500,106.0
2016.0,12.0,010600,280.0
2016.0,12.0,010700,515.0
2016.0,12.0,010800,575.0
2016.0,12.0,010900,36.0
2016.0,12.0,011000,52.0
2016.0,12.0,011100,260.0
